"Nama","Kelas","NISN","Email","Agama","Alamat","No. HP Wali"
"","","","","Islam, Kristen, Katolik, Hindu, Buddha, Konghucu","",""
"Wajib","Wajib","Wajib","Wajib","Opsional","Opsional","Opsional"
"Budi Santoso","X IPA 1","1000000001","siswa001@sekolah.id","","",""
"Siswa 002","X IPA 2","1000000002","siswa002@sekolah.id","","",""
"Siswa 003","X IPA 3","1000000003","siswa003@sekolah.id","","",""
"Siswa 004","XI IPA 1","1000000004","siswa004@sekolah.id","","",""
"Siswa 005","XI IPA 2","1000000005","siswa005@sekolah.id","","",""
"Siswa 006","XI IPA 3","1000000006","siswa006@sekolah.id","","",""
"Siswa 007","XII IPA 1","1000000007","siswa007@sekolah.id","","",""
"Siswa 008","XII IPA 2","1000000008","siswa008@sekolah.id","","",""
"Siswa 009","XII IPA 3","1000000009","siswa009@sekolah.id","","",""
"Siswa 010","X IPA 1","1000000010","siswa010@sekolah.id","","",""
"Siswa 011","X IPA 2","1000000011","siswa011@sekolah.id","","",""
"Siswa 012","X IPA 3","1000000012","siswa012@sekolah.id","","",""
"Siswa 013","XI IPA 1","1000000013","siswa013@sekolah.id","","",""
"Siswa 014","XI IPA 2","1000000014","siswa014@sekolah.id","","",""
"Siswa 015","XI IPA 3","1000000015","siswa015@sekolah.id","","",""
"Siswa 016","XII IPA 1","1000000016","siswa016@sekolah.id","","",""
"Siswa 017","XII IPA 2","1000000017","siswa017@sekolah.id","","",""
"Siswa 018","XII IPA 3","1000000018","siswa018@sekolah.id","","",""
"Siswa 019","X IPA 1","1000000019","siswa019@sekolah.id","","",""
"Siswa 020","X IPA 2","1000000020","siswa020@sekolah.id","","",""
"Siswa 021","X IPA 3","1000000021","siswa021@sekolah.id","","",""
"Siswa 022","XI IPA 1","1000000022","siswa022@sekolah.id","","",""
"Siswa 023","XI IPA 2","1000000023","siswa023@sekolah.id","","",""
"Siswa 024","XI IPA 3","1000000024","siswa024@sekolah.id","","",""
"Siswa 025","XII IPA 1","1000000025","siswa025@sekolah.id","","",""
"Siswa 026","XII IPA 2","1000000026","siswa026@sekolah.id","","",""
"Siswa 027","XII IPA 3","1000000027","siswa027@sekolah.id","","",""
"Siswa 028","X IPA 1","1000000028","siswa028@sekolah.id","","",""
"Siswa 029","X IPA 2","1000000029","siswa029@sekolah.id","","",""
"Siswa 030","X IPA 3","1000000030","siswa030@sekolah.id","","",""
"Siswa 031","XI IPA 1","1000000031","siswa031@sekolah.id","","",""
"Siswa 032","XI IPA 2","1000000032","siswa032@sekolah.id","","",""
"Siswa 033","XI IPA 3","1000000033","siswa033@sekolah.id","","",""
"Siswa 034","XII IPA 1","1000000034","siswa034@sekolah.id","","",""
"Siswa 035","XII IPA 2","1000000035","siswa035@sekolah.id","","",""
"Siswa 036","XII IPA 3","1000000036","siswa036@sekolah.id","","",""
"Siswa 037","X IPA 1","1000000037","siswa037@sekolah.id","","",""
"Siswa 038","X IPA 2","1000000038","siswa038@sekolah.id","","",""
"Siswa 039","X IPA 3","1000000039","siswa039@sekolah.id","","",""
"Siswa 040","XI IPA 1","1000000040","siswa040@sekolah.id","","",""
"Siswa 041","XI IPA 2","1000000041","siswa041@sekolah.id","","",""
"Siswa 042","XI IPA 3","1000000042","siswa042@sekolah.id","","",""
"Siswa 043","XII IPA 1","1000000043","siswa043@sekolah.id","","",""
"Siswa 044","XII IPA 2","1000000044","siswa044@sekolah.id","","",""
"Siswa 045","XII IPA 3","1000000045","siswa045@sekolah.id","","",""
"Siswa 046","X IPA 1","1000000046","siswa046@sekolah.id","","",""
"Siswa 047","X IPA 2","1000000047","siswa047@sekolah.id","","",""
"Siswa 048","X IPA 3","1000000048","siswa048@sekolah.id","","",""
"Siswa 049","XI IPA 1","1000000049","siswa049@sekolah.id","","",""
"Siswa 050","XI IPA 2","1000000050","siswa050@sekolah.id","","",""
"Siswa 051","XI IPA 3","1000000051","siswa051@sekolah.id","","",""
"Siswa 052","XII IPA 1","1000000052","siswa052@sekolah.id","","",""
"Siswa 053","XII IPA 2","1000000053","siswa053@sekolah.id","","",""
"Siswa 054","XII IPA 3","1000000054","siswa054@sekolah.id","","",""
"Siswa 055","X IPA 1","1000000055","siswa055@sekolah.id","","",""
"Siswa 056","X IPA 2","1000000056","siswa056@sekolah.id","","",""
"Siswa 057","X IPA 3","1000000057","siswa057@sekolah.id","","",""
"Siswa 058","XI IPA 1","1000000058","siswa058@sekolah.id","","",""
"Siswa 059","XI IPA 2","1000000059","siswa059@sekolah.id","","",""
"Siswa 060","XI IPA 3","1000000060","siswa060@sekolah.id","","",""
"Siswa 061","XII IPA 1","1000000061","siswa061@sekolah.id","","",""
"Siswa 062","XII IPA 2","1000000062","siswa062@sekolah.id","","",""
"Siswa 063","XII IPA 3","1000000063","siswa063@sekolah.id","","",""
"Siswa 064","X IPA 1","1000000064","siswa064@sekolah.id","","",""
"Siswa 065","X IPA 2","1000000065","siswa065@sekolah.id","","",""
"Siswa 066","X IPA 3","1000000066","siswa066@sekolah.id","","",""
"Siswa 067","XI IPA 1","1000000067","siswa067@sekolah.id","","",""
"Siswa 068","XI IPA 2","1000000068","siswa068@sekolah.id","","",""
"Siswa 069","XI IPA 3","1000000069","siswa069@sekolah.id","","",""
"Siswa 070","XII IPA 1","1000000070","siswa070@sekolah.id","","",""
"Siswa 071","XII IPA 2","1000000071","siswa071@sekolah.id","","",""
"Siswa 072","XII IPA 3","1000000072","siswa072@sekolah.id","","",""
"Siswa 073","X IPA 1","1000000073","siswa073@sekolah.id","","",""
"Siswa 074","X IPA 2","1000000074","siswa074@sekolah.id","","",""
"Siswa 075","X IPA 3","1000000075","siswa075@sekolah.id","","",""
"Siswa 076","XI IPA 1","1000000076","siswa076@sekolah.id","","",""
"Siswa 077","XI IPA 2","1000000077","siswa077@sekolah.id","","",""
"Siswa 078","XI IPA 3","1000000078","siswa078@sekolah.id","","",""
"Siswa 079","XII IPA 1","1000000079","siswa079@sekolah.id","","",""
"Siswa 080","XII IPA 2","1000000080","siswa080@sekolah.id","","",""
"Siswa 081","XII IPA 3","1000000081","siswa081@sekolah.id","","",""
"Siswa 082","X IPA 1","1000000082","siswa082@sekolah.id","","",""
"Siswa 083","X IPA 2","1000000083","siswa083@sekolah.id","","",""
"Siswa 084","X IPA 3","1000000084","siswa084@sekolah.id","","",""
"Siswa 085","XI IPA 1","1000000085","siswa085@sekolah.id","","",""
"Siswa 086","XI IPA 2","1000000086","siswa086@sekolah.id","","",""
"Siswa 087","XI IPA 3","1000000087","siswa087@sekolah.id","","",""
"Siswa 088","XII IPA 1","1000000088","siswa088@sekolah.id","","",""
"Siswa 089","XII IPA 2","1000000089","siswa089@sekolah.id","","",""
"Siswa 090","XII IPA 3","1000000090","siswa090@sekolah.id","","",""
"Siswa 091","X IPA 1","1000000091","siswa091@sekolah.id","","",""
"Siswa 092","X IPA 2","1000000092","siswa092@sekolah.id","","",""
"Siswa 093","X IPA 3","1000000093","siswa093@sekolah.id","","",""
"Siswa 094","XI IPA 1","1000000094","siswa094@sekolah.id","","",""
"Siswa 095","XI IPA 2","1000000095","siswa095@sekolah.id","","",""
"Siswa 096","XI IPA 3","1000000096","siswa096@sekolah.id","","",""
"Siswa 097","XII IPA 1","1000000097","siswa097@sekolah.id","","",""
"Siswa 098","XII IPA 2","1000000098","siswa098@sekolah.id","","",""
"Siswa 099","XII IPA 3","1000000099","siswa099@sekolah.id","","",""
"Siswa 100","X IPA 1","1000000100","siswa100@sekolah.id","","",""
